First Name,Last Name,User Name
Coyea,Kizzie,Ckizzie
Chrispin,Lott,LottC
Anthony,Hammon,Ahammon
Kat,Roberts,MaryRoberts1
Christina,Jordan,Christi234
Daniel,Cunningham,Dcunningham1
Maria,Smith,SmithMaria2
Nicole,Gustin,NicoleG6
Sharon,Boston,Sharon291
Teresa,Minefee,Tminefee
